label,bestthr
Atelectasis,0.23100163042545319
Cardiomegaly,0.1470663994550705
Consolidation,0.18463630974292755
Edema,0.07065686583518982
Effusion,0.27512791752815247
Emphysema,0.14565066993236542
Fibrosis,0.10617915540933609
Hernia,0.8698961734771729
Infiltration,0.21751706302165985
Mass,0.19128908216953278
No Finding,0.4386357069015503
Nodule,0.12847140431404114
Pleural_Thickening,0.051804400980472565
Pneumonia,0.050516173243522644
Pneumothorax,0.20036301016807556
