,diseases,M,F
0,No Finding,0.16936654245930574,0.1948091142296665
