,SexAge,M,F
0,40-60,0.2167251461988304,0.2450895436164067
1,60-80,0.11905933287415134,0.13444268357105124
2,20-40,0.2729002446316934,0.38666666666666666
3,80-,0.045588235294117645,0.06359189378057302
4,0-20,0.32360742705570295,0.3888888888888889
