label,bestthr
Atelectasis,0.21355348825454712
Cardiomegaly,0.12778525054454803
Consolidation,0.08366351574659348
Edema,0.186397522687912
Effusion,0.329163134098053
Emphysema,0.12149108946323395
Fibrosis,0.07260778546333313
Hernia,0.8271145224571228
Infiltration,0.1914178878068924
Mass,0.17088106274604797
No Finding,0.4110451638698578
Nodule,0.1622477024793625
Pleural_Thickening,0.15067413449287415
Pneumonia,0.039136383682489395
Pneumothorax,0.1496524214744568
