,SexAge,M,F
0,40-60,0.12366197183098591,0.14541666666666667
1,60-80,0.06702302631578948,0.07357645553422905
2,20-40,0.17682926829268292,0.22067363530778164
3,80-,0.018929150892374257,0.02619047619047619
4,0-20,0.17475728155339806,0.10975609756097561
