,diseases,M,F
0,No Finding,0.09111636547880425,0.10087127254877899
