,SexAge,M,F
0,40-60,0.13549295774647888,0.15083333333333335
1,60-80,0.07195723684210527,0.07325655790147152
2,20-40,0.20528455284552846,0.25319396051103366
3,80-,0.0167658193618172,0.029166666666666667
4,0-20,0.24271844660194175,0.13414634146341464
