,diseases,M,F
0,No Finding,0.10048978213139673,0.10663885139280893
