label,bestthr
Atelectasis,0.19924597442150116
Cardiomegaly,0.15559643507003784
Consolidation,0.2062378227710724
Edema,0.09812077134847641
Effusion,0.31446602940559387
Emphysema,0.15776696801185608
Fibrosis,0.07157690078020096
Hernia,0.1472843587398529
Infiltration,0.17202141880989075
Mass,0.22093512117862701
No Finding,0.3362783193588257
Nodule,0.16748961806297302
Pleural_Thickening,0.10231644660234451
Pneumonia,0.10135871917009354
Pneumothorax,0.1512489914894104
