,diseases,M,F
0,No Finding,0.10032089174125992,0.10577985028837894
