,SexAge,M,F
0,40-60,0.13492957746478873,0.15333333333333332
1,60-80,0.07606907894736842,0.07485604606525911
2,20-40,0.19241192411924118,0.2415795586527294
3,80-,0.01838831800973499,0.023809523809523808
4,0-20,0.20388349514563106,0.14634146341463414
