,diseases,M,F
0,No Finding,0.09001857794291505,0.09853969812246902
