,SexAge,M,F
0,40-60,0.12225352112676056,0.14625
1,60-80,0.06455592105263158,0.06845809341010876
2,20-40,0.18699186991869918,0.23228803716608595
3,80-,0.012439156300703082,0.017261904761904763
4,0-20,0.18446601941747573,0.10975609756097561
