label,bestthr
Atelectasis,0.2155734896659851
Cardiomegaly,0.28498947620391846
Consolidation,0.16482985019683838
Edema,0.07316072285175323
Effusion,0.2875135540962219
Emphysema,0.26732009649276733
Fibrosis,0.08626072853803635
Hernia,0.9589119553565979
Infiltration,0.2139309197664261
Mass,0.3278564512729645
No Finding,0.3271227777004242
Nodule,0.14248231053352356
Pleural_Thickening,0.14409388601779938
Pneumonia,0.05509503185749054
Pneumothorax,0.14896361529827118
