,SexAge,M,F
0,40-60,0.11549295774647887,0.13583333333333333
1,60-80,0.061677631578947366,0.060460652591170824
2,20-40,0.17682926829268292,0.23228803716608595
3,80-,0.015143320713899405,0.013095238095238096
4,0-20,0.20388349514563106,0.08536585365853659
