,diseases,M,F
0,No Finding,0.08613409896976862,0.09129954595655909
