,diseases,M,F
0,No Finding,0.14669543047656403,0.1716211458176148
