,SexAge,M,F
0,40-60,0.19005847953216373,0.21418255343731946
1,60-80,0.09603463544229066,0.11238774432118331
2,20-40,0.2519706441967926,0.3711827956989247
3,80-,0.03602941176470588,0.04821802935010482
4,0-20,0.2891246684350133,0.3888888888888889
