,SexAge,M,F
0,40-60,0.20023391812865496,0.23440207972270363
1,60-80,0.1058742497294106,0.12731114632857898
2,20-40,0.2568632780646915,0.38408602150537635
3,80-,0.039705882352941174,0.0583508036338225
4,0-20,0.3103448275862069,0.398989898989899
