,diseases,M,F
0,No Finding,0.1554030202000392,0.18741511996378452
